result_type,split,group,method,source_type,task_count,solve_count,success_coarse_count,success_coarse_rate,success_standard_count,success_standard_rate,success_strict_count,success_strict_rate,stagnation_count,stagnation_rate,max_iterations_count,max_iterations_rate,joint_limit_failure_count,joint_limit_failure_rate,non_finite_count,non_finite_rate,other_failure_count,other_failure_rate,median_iterations,p95_iterations,median_position_error_m,p95_position_error_m,max_position_error_m,median_orientation_error_deg,p95_orientation_error_deg,max_orientation_error_deg,median_initial_sigma_min,p10_initial_sigma_min,median_final_sigma_min,median_initial_joint_limit_margin,p10_initial_joint_limit_margin,percentage_initial_margin_zero,median_final_joint_limit_margin,percentage_final_margin_zero,recovery_rate,maximum_failure_streak,first_failure_index_median,completion_coverage_rate,source_reference
combined_frozen_aggregate,frozen_test,all_solves_combined,not_available,not_available,not_available,171600,not_available,not_available,not_available,not_available,not_available,not_available,not_available,not_available,not_available,not_available,not_available,not_available,0,0.0,not_available,not_available,not_available,not_available,0.022981240622091698,0.8524308294231644,1.626429546098553,4.772832334095918,127.89500202958477,179.9991365379544,not_available,not_available,not_available,not_available,not_available,not_available,not_available,not_available,not_available,not_available,not_available,not_available,KR810_Tier0_Tier4_Dataset_v2.0.0/final_dls_summary.json::frozen_test.error_tails/failures (mixes point_ik+trajectory+warm+cold; not separable from the published aggregate alone)
point_ik,development,far_target,not_available,not_available,200,200,197,0.985,197,0.985,196,0.98,3,0.015,1,0.005,0,0.0,0,0.0,0,0.0,5.0,11.0,8.066832072643203e-05,0.00094274353058099,0.3815760594119299,0.0080529904506044,0.17812941408719443,58.57883567539314,0.12251029847932035,0.046736246154474824,0.1242685132917522,not_available,not_available,not_available,0.16675311293233586,0.015,not_available,not_available,not_available,not_available,mpdik_kassow_v2_eval_devval/development/cand_D_pure_dls/tier1_point_dls/point_results.csv
point_ik,development,large_orientation_change,not_available,not_available,200,200,179,0.895,179,0.895,179,0.895,21,0.105,0,0.0,0,0.0,0,0.0,0,0.0,13.0,28.399999999999864,0.00022867743195135,0.5290244660117595,1.2572801006756569,0.0163788254323039,91.14812914690854,152.20530117913978,0.11148249625398465,0.0487168648481174,0.12551808166210254,not_available,not_available,not_available,0.19094104627780195,0.05,not_available,not_available,not_available,not_available,mpdik_kassow_v2_eval_devval/development/cand_D_pure_dls/tier1_point_dls/point_results.csv
point_ik,development,medium_target,not_available,not_available,200,200,200,1.0,200,1.0,200,1.0,0,0.0,0,0.0,0,0.0,0,0.0,0,0.0,2.0,4.0,5.7236973011276604e-05,0.0008724173093314799,0.0009839315246804,0.005469685462530301,0.1467322548153808,0.5925691552436414,0.12442515620041615,0.05580370543042529,0.1190399654779265,not_available,not_available,not_available,0.14759718037483016,0.0,not_available,not_available,not_available,not_available,mpdik_kassow_v2_eval_devval/development/cand_D_pure_dls/tier1_point_dls/point_results.csv
point_ik,development,near_joint_limit,not_available,not_available,200,200,190,0.95,188,0.94,183,0.915,9,0.045,8,0.04,0,0.0,0,0.0,0,0.0,6.0,190.09999999999962,0.0002392124525325,0.004360050473766021,0.9102186533578804,0.0264014391849337,0.9966328222786627,140.3632903917822,0.11191961171476619,0.04934809873145517,0.10703778217260809,not_available,not_available,not_available,0.0161891352353966,0.25,not_available,not_available,not_available,not_available,mpdik_kassow_v2_eval_devval/development/cand_D_pure_dls/tier1_point_dls/point_results.csv
point_ik,development,near_singularity,not_available,not_available,200,200,193,0.965,192,0.96,184,0.92,8,0.04,8,0.04,0,0.0,0,0.0,0,0.0,5.0,225.34999999999954,0.00063118054565185,0.0014663350172553116,0.7991988614502595,0.031831095777681104,0.254217846345489,130.27880157717723,0.0199811079324491,0.00692932352233987,0.0218029190023278,not_available,not_available,not_available,0.11478217800530545,0.055,not_available,not_available,not_available,not_available,mpdik_kassow_v2_eval_devval/development/cand_D_pure_dls/tier1_point_dls/point_results.csv
point_ik,development,near_target,not_available,not_available,200,200,200,1.0,200,1.0,200,1.0,0,0.0,0,0.0,0,0.0,0,0.0,0,0.0,1.0,1.0,6.739944969532576e-05,0.0003981222400887399,0.0007250443864955,0.00785464276617375,0.06454041420185386,0.5759985531121078,0.10919350395588115,0.05008130698554701,0.10815551123134509,not_available,not_available,not_available,0.12370783065998345,0.0,not_available,not_available,not_available,not_available,mpdik_kassow_v2_eval_devval/development/cand_D_pure_dls/tier1_point_dls/point_results.csv
point_ik,frozen_test,all_groups_combined,not_available,not_available,3600,3600,3444,0.9566666666666667,3423,0.9508333333333333,3406,0.9461111111111111,not_available,not_available,not_available,not_available,not_available,not_available,not_available,not_available,not_available,not_available,not_available,not_available,not_available,0.001859905384229586,not_available,not_available,not_available,not_available,not_available,not_available,not_available,not_available,not_available,not_available,not_available,not_available,not_available,not_available,not_available,not_available,"KR810_Tier0_Tier4_Dataset_v2.0.0/final_dls_summary.json::frozen_test.point_ik (published aggregate; per-group/per-sample breakdown requires raw frozen_test files, not read this phase)"
point_ik,validation,far_target,not_available,not_available,200,200,195,0.975,195,0.975,195,0.975,5,0.025,0,0.0,0,0.0,0,0.0,0,0.0,5.0,10.0,0.00015081929398255,0.0009377886814445648,0.6758361550724711,0.010228235397055651,0.20405769378582087,78.29532332104439,0.11948915845918814,0.05061753227089008,0.11890396508883536,not_available,not_available,not_available,0.15744606441240422,0.01,not_available,not_available,not_available,not_available,mpdik_kassow_v2_eval_devval/validation/cand_D_pure_dls/tier1_point_dls/point_results.csv
point_ik,validation,large_orientation_change,not_available,not_available,200,200,179,0.895,179,0.895,179,0.895,20,0.1,1,0.005,0,0.0,0,0.0,0,0.0,12.0,31.049999999999983,0.0001455347608355,0.5080830614308616,1.3617076232554717,0.012031473938676901,76.18918674451605,170.76861131918682,0.1174994171737071,0.04964588791951408,0.1341774024829128,not_available,not_available,not_available,0.16767817363904886,0.055,not_available,not_available,not_available,not_available,mpdik_kassow_v2_eval_devval/validation/cand_D_pure_dls/tier1_point_dls/point_results.csv
point_ik,validation,medium_target,not_available,not_available,200,200,200,1.0,200,1.0,200,1.0,0,0.0,0,0.0,0,0.0,0,0.0,0,0.0,2.0,3.0,7.59671714510473e-05,0.0008529281203469949,0.0009882550814703,0.0072741407320981,0.13515799222255132,0.8296941361751959,0.11475380730396614,0.050532676142785775,0.11644885593422605,not_available,not_available,not_available,0.1527295943669785,0.0,not_available,not_available,not_available,not_available,mpdik_kassow_v2_eval_devval/validation/cand_D_pure_dls/tier1_point_dls/point_results.csv
point_ik,validation,near_joint_limit,not_available,not_available,200,200,187,0.935,186,0.93,184,0.92,13,0.065,3,0.015,0,0.0,0,0.0,0,0.0,5.0,118.64999999999978,0.0001631338587807,0.019068817473726445,0.969513110100386,0.01295149154078355,2.0971960881602354,148.81418867167653,0.116578096706971,0.050179402649308966,0.12681920833300203,not_available,not_available,not_available,0.016522522537937602,0.21,not_available,not_available,not_available,not_available,mpdik_kassow_v2_eval_devval/validation/cand_D_pure_dls/tier1_point_dls/point_results.csv
point_ik,validation,near_singularity,not_available,not_available,200,200,195,0.975,195,0.975,188,0.94,6,0.03,6,0.03,0,0.0,0,0.0,0,0.0,4.0,128.69999999999908,0.00062687779178035,0.0013034581185822254,1.3310670525224886,0.0310454062278082,0.24191498806423867,132.59102065914334,0.02243007716065235,0.01023986893163936,0.022935824456926802,not_available,not_available,not_available,0.130474415088699,0.035,not_available,not_available,not_available,not_available,mpdik_kassow_v2_eval_devval/validation/cand_D_pure_dls/tier1_point_dls/point_results.csv
point_ik,validation,near_target,not_available,not_available,200,200,200,1.0,200,1.0,200,1.0,0,0.0,0,0.0,0,0.0,0,0.0,0,0.0,1.0,1.0,7.7292163740297e-05,0.00033903559917785496,0.0009385515481042,0.0076370386421941005,0.06731715428144104,0.3406367959163438,0.11422522674239691,0.04563894556552129,0.11194657294649224,not_available,not_available,not_available,0.14249499712757885,0.0,not_available,not_available,not_available,not_available,mpdik_kassow_v2_eval_devval/validation/cand_D_pure_dls/tier1_point_dls/point_results.csv
trajectory,development,all_difficulty,cold_start,core,120,48000,not_available,not_available,not_available,0.37945833333333334,not_available,not_available,not_available,0.6223333333333333,not_available,0.006104166666666667,not_available,not_available,not_available,not_available,not_available,not_available,not_available,not_available,0.14743601015707958,1.0333479120403977,not_available,not_available,not_available,not_available,not_available,not_available,not_available,not_available,not_available,not_available,not_available,not_available,not_available,not_available,not_available,not_available,not_available
trajectory,development,all_difficulty,cold_start,random_challenge,90,36000,not_available,not_available,not_available,0.4033888888888889,not_available,not_available,not_available,0.5843611111111111,not_available,0.02061111111111111,not_available,not_available,not_available,not_available,not_available,not_available,not_available,not_available,0.06104542364772335,1.08720205715825,not_available,not_available,not_available,not_available,not_available,not_available,not_available,not_available,not_available,not_available,not_available,not_available,not_available,not_available,not_available,not_available,not_available
trajectory,development,all_difficulty,warm_start,core,120,48000,not_available,not_available,not_available,0.557,not_available,not_available,not_available,0.4547083333333333,not_available,0.00016666666666666666,not_available,not_available,not_available,not_available,not_available,not_available,not_available,not_available,0.00090180317954815,0.6616611423223656,not_available,not_available,not_available,not_available,not_available,not_available,not_available,not_available,not_available,not_available,not_available,not_available,not_available,not_available,not_available,not_available,not_available
trajectory,development,all_difficulty,warm_start,random_challenge,90,36000,not_available,not_available,not_available,0.5783611111111111,not_available,not_available,not_available,0.4289722222222222,not_available,0.0006388888888888889,not_available,not_available,not_available,not_available,not_available,not_available,not_available,not_available,0.0006374087723737,0.5686863946867122,not_available,not_available,not_available,not_available,not_available,not_available,not_available,not_available,not_available,not_available,not_available,not_available,not_available,not_available,not_available,not_available,not_available
trajectory,development,easy,cold_start,not_available,70,28000,13267,0.47382142857142856,13089,0.4674642857142857,12862,0.45935714285714285,14939,0.5335357142857143,199,0.007107142857142857,0,0.0,0,0.0,0,0.0,19.0,75.0,0.01125273698740505,0.798938735330736,1.0624485121155665,5.005810839825784,134.24471988907328,179.98948092217043,not_available,not_available,0.134822146988441,not_available,not_available,not_available,0.0,0.5632857142857143,0.02963727240776416,400.0,not_available,1.0,"mpdik_kassow_v2_eval_devval/development/cand_D_pure_dls/tier2_sequential_dls/{trajectory_trial_summaries,waypoint_results}.csv"
trajectory,development,easy,warm_start,not_available,70,28000,18906,0.6752142857142858,18680,0.6671428571428571,18532,0.6618571428571428,9459,0.33782142857142855,9,0.0003214285714285714,0,0.0,0,0.0,0,0.0,1.0,7.0,0.0006612385334805,0.6135046594125187,1.043483458325863,0.04903632865971795,83.34397353114143,179.2762049552757,not_available,not_available,0.1544674557011287,not_available,not_available,not_available,0.01067788049191685,0.39421428571428574,0.16406242933863563,400.0,not_available,1.0,"mpdik_kassow_v2_eval_devval/development/cand_D_pure_dls/tier2_sequential_dls/{trajectory_trial_summaries,waypoint_results}.csv"
trajectory,development,hard,cold_start,not_available,70,28000,11369,0.4060357142857143,11213,0.4004642857142857,10960,0.3914285714285714,16678,0.5956428571428571,362,0.012928571428571428,0,0.0,0,0.0,0,0.0,31.0,90.0,0.13519797906386094,1.1769586619282222,1.358091508322417,22.85402010463448,153.37159345179973,179.0610862872746,not_available,not_available,0.1252387051925552,not_available,not_available,not_available,0.0,0.606,0.020603399992962425,400.0,not_available,1.0,"mpdik_kassow_v2_eval_devval/development/cand_D_pure_dls/tier2_sequential_dls/{trajectory_trial_summaries,waypoint_results}.csv"
trajectory,development,hard,warm_start,not_available,70,28000,16063,0.5736785714285715,15893,0.5676071428571429,15677,0.5598928571428572,12320,0.44,3,0.00010714285714285714,0,0.0,0,0.0,0,0.0,1.0,8.0,0.00087117166859035,0.5010243299854462,1.607356289128523,0.1508098015907919,102.12629571084733,178.97518931987935,not_available,not_available,0.14610331782342634,not_available,not_available,not_available,0.002467274110524,0.4805,0.14511735303667483,400.0,not_available,1.0,"mpdik_kassow_v2_eval_devval/development/cand_D_pure_dls/tier2_sequential_dls/{trajectory_trial_summaries,waypoint_results}.csv"
trajectory,development,medium,cold_start,not_available,70,28000,8754,0.31264285714285717,8434,0.3012142857142857,8234,0.2940714285714286,19292,0.689,474,0.016928571428571428,0,0.0,0,0.0,0,0.0,26.0,109.0,0.2091895056239813,0.9667401996070999,1.389399569570354,30.713513270787175,151.72242509615754,179.99129902667414,not_available,not_available,0.13674988132837715,not_available,not_available,not_available,0.0,0.7203928571428572,0.012406633220713089,400.0,not_available,1.0,"mpdik_kassow_v2_eval_devval/development/cand_D_pure_dls/tier2_sequential_dls/{trajectory_trial_summaries,waypoint_results}.csv"
trajectory,development,medium,warm_start,not_available,70,28000,13346,0.47664285714285715,12984,0.4637142857142857,12491,0.44610714285714287,15490,0.5532142857142858,19,0.0006785714285714286,0,0.0,0,0.0,0,0.0,5.0,7.0,0.00672827778454755,0.6713549802047849,1.5137672049944335,2.6790568054347492,93.80636414800685,179.90257460198615,not_available,not_available,0.16094488083515607,not_available,not_available,not_available,0.0,0.6133571428571428,0.058476866986869325,400.0,not_available,1.0,"mpdik_kassow_v2_eval_devval/development/cand_D_pure_dls/tier2_sequential_dls/{trajectory_trial_summaries,waypoint_results}.csv"
trajectory,frozen_test,all_difficulty_combined,cold_start,not_available,210,168000,not_available,not_available,not_available,0.32919047619047614,not_available,not_available,not_available,not_available,not_available,not_available,not_available,not_available,not_available,not_available,not_available,not_available,not_available,not_available,not_available,not_available,not_available,not_available,not_available,not_available,not_available,not_available,not_available,not_available,not_available,not_available,not_available,not_available,not_available,not_available,not_available,1.0,"KR810_Tier0_Tier4_Dataset_v2.0.0/final_dls_summary.json::frozen_test.cold_start (published aggregate; per-difficulty/per-family breakdown requires raw frozen_test files, not read this phase)"
trajectory,frozen_test,all_difficulty_combined,warm_start,not_available,210,168000,not_available,not_available,not_available,0.5493095238095238,not_available,not_available,not_available,not_available,not_available,not_available,not_available,not_available,not_available,not_available,not_available,not_available,not_available,not_available,not_available,not_available,not_available,not_available,not_available,not_available,not_available,not_available,not_available,not_available,not_available,not_available,not_available,not_available,0.12458719490306716,not_available,not_available,1.0,"KR810_Tier0_Tier4_Dataset_v2.0.0/final_dls_summary.json::frozen_test.warm_start (published aggregate; per-difficulty/per-family breakdown requires raw frozen_test files, not read this phase)"
trajectory,validation,all_difficulty,cold_start,core,120,48000,not_available,not_available,not_available,0.47120833333333334,not_available,not_available,not_available,0.5171875,not_available,0.019583333333333335,not_available,not_available,not_available,not_available,not_available,not_available,not_available,not_available,0.00916168636214985,1.2804929205538758,not_available,not_available,not_available,not_available,not_available,not_available,not_available,not_available,not_available,not_available,not_available,not_available,not_available,not_available,not_available,not_available,not_available
trajectory,validation,all_difficulty,cold_start,random_challenge,90,36000,not_available,not_available,not_available,0.37094444444444447,not_available,not_available,not_available,0.6211666666666666,not_available,0.018055555555555554,not_available,not_available,not_available,not_available,not_available,not_available,not_available,not_available,0.11270924730789836,1.1780204633032274,not_available,not_available,not_available,not_available,not_available,not_available,not_available,not_available,not_available,not_available,not_available,not_available,not_available,not_available,not_available,not_available,not_available
trajectory,validation,all_difficulty,warm_start,core,120,48000,not_available,not_available,not_available,0.789375,not_available,not_available,not_available,0.2215,not_available,0.000625,not_available,not_available,not_available,not_available,not_available,not_available,not_available,not_available,0.000657909083924,0.146825096385123,not_available,not_available,not_available,not_available,not_available,not_available,not_available,not_available,not_available,not_available,not_available,not_available,not_available,not_available,not_available,not_available,not_available
trajectory,validation,all_difficulty,warm_start,random_challenge,90,36000,not_available,not_available,not_available,0.55875,not_available,not_available,not_available,0.44355555555555554,not_available,0.0008888888888888889,not_available,not_available,not_available,not_available,not_available,not_available,not_available,not_available,0.0006527324379886001,0.605588900853464,not_available,not_available,not_available,not_available,not_available,not_available,not_available,not_available,not_available,not_available,not_available,not_available,not_available,not_available,not_available,not_available,not_available
trajectory,validation,easy,cold_start,not_available,70,28000,13115,0.46839285714285717,12851,0.4589642857142857,12531,0.44753571428571426,14808,0.5288571428571428,661,0.023607142857142858,0,0.0,0,0.0,0,0.0,18.0,153.0,0.02125393824116575,0.8541935252412763,1.0968034003390896,2.971164782820982,155.01526404358555,179.9127390138373,not_available,not_available,0.1144147730375251,not_available,not_available,not_available,0.0320021430059106,0.40689285714285717,0.02172910571008202,400.0,not_available,1.0,"mpdik_kassow_v2_eval_devval/validation/cand_D_pure_dls/tier2_sequential_dls/{trajectory_trial_summaries,waypoint_results}.csv"
trajectory,validation,easy,warm_start,not_available,70,28000,21380,0.7635714285714286,21118,0.7542142857142857,20863,0.7451071428571429,7121,0.2543214285714286,16,0.0005714285714285715,0,0.0,0,0.0,0,0.0,1.0,8.0,0.0003314965783091,0.19822070244521417,1.1383962993318395,0.002864692705318,69.59610450768294,179.68316874376143,not_available,not_available,0.12302889214050275,not_available,not_available,not_available,0.0442820827448885,0.2882857142857143,0.302404898531691,400.0,not_available,1.0,"mpdik_kassow_v2_eval_devval/validation/cand_D_pure_dls/tier2_sequential_dls/{trajectory_trial_summaries,waypoint_results}.csv"
trajectory,validation,hard,cold_start,not_available,70,28000,11695,0.41767857142857145,11449,0.40889285714285717,11214,0.4005,16269,0.5810357142857143,517,0.018464285714285714,0,0.0,0,0.0,0,0.0,29.0,117.0,0.17861567460729516,1.400095602198273,1.572855286281338,21.521209704076618,145.6325581245122,178.07006360886913,not_available,not_available,0.12552721004173661,not_available,not_available,not_available,0.0,0.5692857142857143,0.015470499365692256,400.0,not_available,1.0,"mpdik_kassow_v2_eval_devval/validation/cand_D_pure_dls/tier2_sequential_dls/{trajectory_trial_summaries,waypoint_results}.csv"
trajectory,validation,hard,warm_start,not_available,70,28000,18444,0.6587142857142857,18192,0.6497142857142857,18007,0.6431071428571429,9958,0.35564285714285715,35,0.00125,0,0.0,0,0.0,0,0.0,1.0,8.0,0.00070863233799645,0.5003129048419296,1.572855286281338,0.050184878754022805,80.76784678089722,178.17016292899189,not_available,not_available,0.14218924043145775,not_available,not_available,not_available,0.0252286285841597,0.38560714285714287,0.20620991673758834,400.0,not_available,1.0,"mpdik_kassow_v2_eval_devval/validation/cand_D_pure_dls/tier2_sequential_dls/{trajectory_trial_summaries,waypoint_results}.csv"
trajectory,validation,medium,cold_start,not_available,70,28000,11884,0.42442857142857143,11672,0.41685714285714287,11478,0.4099285714285714,16110,0.5753571428571429,412,0.014714285714285714,0,0.0,0,0.0,0,0.0,26.0,114.04999999999927,0.027338982700425903,0.9222670048748473,1.5551827366383115,12.423257107964135,139.04137744002202,179.99346496555626,not_available,not_available,0.11231328746310071,not_available,not_available,not_available,0.0,0.5374285714285715,0.03983136940100108,400.0,not_available,1.0,"mpdik_kassow_v2_eval_devval/validation/cand_D_pure_dls/tier2_sequential_dls/{trajectory_trial_summaries,waypoint_results}.csv"
trajectory,validation,medium,warm_start,not_available,70,28000,19058,0.6806428571428571,18695,0.6676785714285715,18468,0.6595714285714286,9521,0.3400357142857143,11,0.0003928571428571429,0,0.0,0,0.0,0,0.0,1.0,8.0,0.00066093963490545,0.6185280747632199,1.5551827366383115,0.050147872378483546,79.59302987683236,177.6818338432577,not_available,not_available,0.1227793833708102,not_available,not_available,not_available,0.015844779777771052,0.37685714285714284,0.26165264982463715,400.0,not_available,1.0,"mpdik_kassow_v2_eval_devval/validation/cand_D_pure_dls/tier2_sequential_dls/{trajectory_trial_summaries,waypoint_results}.csv"
